original_peptide,mutation_peptide,mutation_position_AAtype,mutation_AA_number,sequence similarity,HLA,HLA_sequence,y_pred,y_prob
SELFRSGLDS,SELFRSGLDS,,1,1.0,HLA-A*68:01,YYAMYRNNVAQTDVDTLYIMYRDYTWAVWAYTWY,0,0.0
SELFRSGLDS,RELFRSGLDS,1|S/R,1,0.9,HLA-A*68:01,YYAMYRNNVAQTDVDTLYIMYRDYTWAVWAYTWY,0,0.0
SELFRSGLDS,SELFRSGLDY,10|S/Y,1,0.9,HLA-A*68:01,YYAMYRNNVAQTDVDTLYIMYRDYTWAVWAYTWY,0,0.0046
SELFRSGLDS,SELFRSGLDL,10|S/L,1,0.9,HLA-A*68:01,YYAMYRNNVAQTDVDTLYIMYRDYTWAVWAYTWY,0,0.0
SELFRSGLDS,AELFRSGLDS,1|S/A,1,0.9,HLA-A*68:01,YYAMYRNNVAQTDVDTLYIMYRDYTWAVWAYTWY,0,0.0
SELFRSGLDS,SELFRSGLTS,9|D/T,1,0.9,HLA-A*68:01,YYAMYRNNVAQTDVDTLYIMYRDYTWAVWAYTWY,0,0.0
SELFRSGLDS,SELFRSGLDF,10|S/F,1,0.9,HLA-A*68:01,YYAMYRNNVAQTDVDTLYIMYRDYTWAVWAYTWY,0,0.0
SELFRSGLDS,SELFRSGLSS,9|D/S,1,0.9,HLA-A*68:01,YYAMYRNNVAQTDVDTLYIMYRDYTWAVWAYTWY,0,0.0
SELFRSGLDS,SRLFRSGLDS,2|E/R,1,0.9,HLA-A*68:01,YYAMYRNNVAQTDVDTLYIMYRDYTWAVWAYTWY,0,0.0
SELFRSGLDS,SLLFRSGLDS,2|E/L,1,0.9,HLA-A*68:01,YYAMYRNNVAQTDVDTLYIMYRDYTWAVWAYTWY,0,0.0
SELFRSGLDS,SELFRSGLLS,9|D/L,1,0.9,HLA-A*68:01,YYAMYRNNVAQTDVDTLYIMYRDYTWAVWAYTWY,0,0.0
SELFRSGLDS,RELFRSGLLS,"1|S/R,9|D/L",2,0.8,HLA-A*68:01,YYAMYRNNVAQTDVDTLYIMYRDYTWAVWAYTWY,0,0.0
SELFRSGLDS,ARLFRSGLDS,"1|S/A,2|E/R",2,0.8,HLA-A*68:01,YYAMYRNNVAQTDVDTLYIMYRDYTWAVWAYTWY,0,0.0
SELFRSGLDS,AELFRSGLDF,"1|S/A,10|S/F",2,0.8,HLA-A*68:01,YYAMYRNNVAQTDVDTLYIMYRDYTWAVWAYTWY,0,0.0
SELFRSGLDS,SRLFRSGLSS,"2|E/R,9|D/S",2,0.8,HLA-A*68:01,YYAMYRNNVAQTDVDTLYIMYRDYTWAVWAYTWY,0,0.0
SELFRSGLDS,SLLFRSGLDY,"2|E/L,10|S/Y",2,0.8,HLA-A*68:01,YYAMYRNNVAQTDVDTLYIMYRDYTWAVWAYTWY,1,0.7368
SELFRSGLDS,SEFFRSGLLS,"3|L/F,9|D/L",2,0.8,HLA-A*68:01,YYAMYRNNVAQTDVDTLYIMYRDYTWAVWAYTWY,0,0.0
SELFRSGLDS,AELFRSGLDL,"1|S/A,10|S/L",2,0.8,HLA-A*68:01,YYAMYRNNVAQTDVDTLYIMYRDYTWAVWAYTWY,0,0.0
SELFRSGLDS,SEFFRSGLDF,"3|L/F,10|S/F",2,0.8,HLA-A*68:01,YYAMYRNNVAQTDVDTLYIMYRDYTWAVWAYTWY,0,0.0001
SELFRSGLDS,SLLFRSGLDL,"2|E/L,10|S/L",2,0.8,HLA-A*68:01,YYAMYRNNVAQTDVDTLYIMYRDYTWAVWAYTWY,0,0.0
SELFRSGLDS,RLLFRSGLDS,"1|S/R,2|E/L",2,0.8,HLA-A*68:01,YYAMYRNNVAQTDVDTLYIMYRDYTWAVWAYTWY,0,0.0
SELFRSGLDS,AELFRSGLLS,"1|S/A,9|D/L",2,0.8,HLA-A*68:01,YYAMYRNNVAQTDVDTLYIMYRDYTWAVWAYTWY,0,0.0
SELFRSGLDS,SELFRSGVDF,"8|L/V,10|S/F",2,0.8,HLA-A*68:01,YYAMYRNNVAQTDVDTLYIMYRDYTWAVWAYTWY,0,0.0001
SELFRSGLDS,SELFRSGVDY,"8|L/V,10|S/Y",2,0.8,HLA-A*68:01,YYAMYRNNVAQTDVDTLYIMYRDYTWAVWAYTWY,0,0.0372
SELFRSGLDS,SELFRSGIDF,"8|L/I,10|S/F",2,0.8,HLA-A*68:01,YYAMYRNNVAQTDVDTLYIMYRDYTWAVWAYTWY,0,0.0001
SELFRSGLDS,SLLFRSGLSS,"2|E/L,9|D/S",2,0.8,HLA-A*68:01,YYAMYRNNVAQTDVDTLYIMYRDYTWAVWAYTWY,0,0.0
SELFRSGLDS,SEIFRSGLSS,"3|L/I,9|D/S",2,0.8,HLA-A*68:01,YYAMYRNNVAQTDVDTLYIMYRDYTWAVWAYTWY,0,0.0
SELFRSGLDS,SEIFRSGLDY,"3|L/I,10|S/Y",2,0.8,HLA-A*68:01,YYAMYRNNVAQTDVDTLYIMYRDYTWAVWAYTWY,0,0.0196
SELFRSGLDS,SRLFRSGLDF,"2|E/R,10|S/F",2,0.8,HLA-A*68:01,YYAMYRNNVAQTDVDTLYIMYRDYTWAVWAYTWY,0,0.0
SELFRSGLDS,RELFRSGLTS,"1|S/R,9|D/T",2,0.8,HLA-A*68:01,YYAMYRNNVAQTDVDTLYIMYRDYTWAVWAYTWY,0,0.0
SELFRSGLDS,SLLFRSGLDF,"2|E/L,10|S/F",2,0.8,HLA-A*68:01,YYAMYRNNVAQTDVDTLYIMYRDYTWAVWAYTWY,0,0.0005
SELFRSGLDS,SELFRSGVDL,"8|L/V,10|S/L",2,0.8,HLA-A*68:01,YYAMYRNNVAQTDVDTLYIMYRDYTWAVWAYTWY,0,0.0
SELFRSGLDS,SRLFRSGLDL,"2|E/R,10|S/L",2,0.8,HLA-A*68:01,YYAMYRNNVAQTDVDTLYIMYRDYTWAVWAYTWY,0,0.0
SELFRSGLDS,SEFFRSGLSS,"3|L/F,9|D/S",2,0.8,HLA-A*68:01,YYAMYRNNVAQTDVDTLYIMYRDYTWAVWAYTWY,0,0.0
SELFRSGLDS,SEFFRSGLTS,"3|L/F,9|D/T",2,0.8,HLA-A*68:01,YYAMYRNNVAQTDVDTLYIMYRDYTWAVWAYTWY,0,0.0
SELFRSGLDS,SEFFRSGLDL,"3|L/F,10|S/L",2,0.8,HLA-A*68:01,YYAMYRNNVAQTDVDTLYIMYRDYTWAVWAYTWY,0,0.0
SELFRSGLDS,RRLFRSGLDS,"1|S/R,2|E/R",2,0.8,HLA-A*68:01,YYAMYRNNVAQTDVDTLYIMYRDYTWAVWAYTWY,0,0.0
SELFRSGLDS,ALLFRSGLDS,"1|S/A,2|E/L",2,0.8,HLA-A*68:01,YYAMYRNNVAQTDVDTLYIMYRDYTWAVWAYTWY,0,0.0
SELFRSGLDS,SEIFRSGLLS,"3|L/I,9|D/L",2,0.8,HLA-A*68:01,YYAMYRNNVAQTDVDTLYIMYRDYTWAVWAYTWY,0,0.0
SELFRSGLDS,AELFRSGLTS,"1|S/A,9|D/T",2,0.8,HLA-A*68:01,YYAMYRNNVAQTDVDTLYIMYRDYTWAVWAYTWY,0,0.0
SELFRSGLDS,SELFRSGIDY,"8|L/I,10|S/Y",2,0.8,HLA-A*68:01,YYAMYRNNVAQTDVDTLYIMYRDYTWAVWAYTWY,0,0.0885
SELFRSGLDS,SELFRSGIDL,"8|L/I,10|S/L",2,0.8,HLA-A*68:01,YYAMYRNNVAQTDVDTLYIMYRDYTWAVWAYTWY,0,0.0
SELFRSGLDS,SRLFRSGLDY,"2|E/R,10|S/Y",2,0.8,HLA-A*68:01,YYAMYRNNVAQTDVDTLYIMYRDYTWAVWAYTWY,0,0.004
SELFRSGLDS,SEFFRSGLDY,"3|L/F,10|S/Y",2,0.8,HLA-A*68:01,YYAMYRNNVAQTDVDTLYIMYRDYTWAVWAYTWY,0,0.144
SELFRSGLDS,RELFRSGLSS,"1|S/R,9|D/S",2,0.8,HLA-A*68:01,YYAMYRNNVAQTDVDTLYIMYRDYTWAVWAYTWY,0,0.0
SELFRSGLDS,SEIFRSGLTS,"3|L/I,9|D/T",2,0.8,HLA-A*68:01,YYAMYRNNVAQTDVDTLYIMYRDYTWAVWAYTWY,0,0.0
SELFRSGLDS,SRLFRSGLLS,"2|E/R,9|D/L",2,0.8,HLA-A*68:01,YYAMYRNNVAQTDVDTLYIMYRDYTWAVWAYTWY,0,0.0
SELFRSGLDS,AELFRSGLDY,"1|S/A,10|S/Y",2,0.8,HLA-A*68:01,YYAMYRNNVAQTDVDTLYIMYRDYTWAVWAYTWY,0,0.0017
SELFRSGLDS,SRLFRSGLTS,"2|E/R,9|D/T",2,0.8,HLA-A*68:01,YYAMYRNNVAQTDVDTLYIMYRDYTWAVWAYTWY,0,0.0
SELFRSGLDS,SLLFRSGLTS,"2|E/L,9|D/T",2,0.8,HLA-A*68:01,YYAMYRNNVAQTDVDTLYIMYRDYTWAVWAYTWY,0,0.0
SELFRSGLDS,AELFRSGLSS,"1|S/A,9|D/S",2,0.8,HLA-A*68:01,YYAMYRNNVAQTDVDTLYIMYRDYTWAVWAYTWY,0,0.0
SELFRSGLDS,SEIFRSGLDL,"3|L/I,10|S/L",2,0.8,HLA-A*68:01,YYAMYRNNVAQTDVDTLYIMYRDYTWAVWAYTWY,0,0.0
SELFRSGLDS,RELFRSGLDY,"1|S/R,10|S/Y",2,0.8,HLA-A*68:01,YYAMYRNNVAQTDVDTLYIMYRDYTWAVWAYTWY,0,0.0
SELFRSGLDS,SEIFRSGLDF,"3|L/I,10|S/F",2,0.8,HLA-A*68:01,YYAMYRNNVAQTDVDTLYIMYRDYTWAVWAYTWY,0,0.0014
SELFRSGLDS,SLLFRSGLLS,"2|E/L,9|D/L",2,0.8,HLA-A*68:01,YYAMYRNNVAQTDVDTLYIMYRDYTWAVWAYTWY,0,0.0
SELFRSGLDS,RELFRSGLDF,"1|S/R,10|S/F",2,0.8,HLA-A*68:01,YYAMYRNNVAQTDVDTLYIMYRDYTWAVWAYTWY,0,0.0
SELFRSGLDS,RELFRSGLDL,"1|S/R,10|S/L",2,0.8,HLA-A*68:01,YYAMYRNNVAQTDVDTLYIMYRDYTWAVWAYTWY,0,0.0
SELFRSGLDS,SLIFRSGLTS,"2|E/L,3|L/I,9|D/T",3,0.8,HLA-A*68:01,YYAMYRNNVAQTDVDTLYIMYRDYTWAVWAYTWY,0,0.0
SELFRSGLDS,ARLFRSGLLS,"1|S/A,2|E/R,9|D/L",3,0.7,HLA-A*68:01,YYAMYRNNVAQTDVDTLYIMYRDYTWAVWAYTWY,0,0.0
SELFRSGLDS,SEIFRSGVDL,"3|L/I,8|L/V,10|S/L",3,0.7,HLA-A*68:01,YYAMYRNNVAQTDVDTLYIMYRDYTWAVWAYTWY,0,0.0001
SELFRSGLDS,SEIFRSGIDF,"3|L/I,8|L/I,10|S/F",3,0.7,HLA-A*68:01,YYAMYRNNVAQTDVDTLYIMYRDYTWAVWAYTWY,0,0.0028
SELFRSGLDS,RLLFRSGLSS,"1|S/R,2|E/L,9|D/S",3,0.7,HLA-A*68:01,YYAMYRNNVAQTDVDTLYIMYRDYTWAVWAYTWY,0,0.0
SELFRSGLDS,SLFFRSGLLS,"2|E/L,3|L/F,9|D/L",3,0.8,HLA-A*68:01,YYAMYRNNVAQTDVDTLYIMYRDYTWAVWAYTWY,0,0.0
SELFRSGLDS,SEIFRSGVDF,"3|L/I,8|L/V,10|S/F",3,0.7,HLA-A*68:01,YYAMYRNNVAQTDVDTLYIMYRDYTWAVWAYTWY,0,0.0125
SELFRSGLDS,SLLFRSGVDL,"2|E/L,8|L/V,10|S/L",3,0.7,HLA-A*68:01,YYAMYRNNVAQTDVDTLYIMYRDYTWAVWAYTWY,0,0.0
SELFRSGLDS,SEFFRSGIDY,"3|L/F,8|L/I,10|S/Y",3,0.7,HLA-A*68:01,YYAMYRNNVAQTDVDTLYIMYRDYTWAVWAYTWY,1,0.5592
SELFRSGLDS,REIFRSGLLS,"1|S/R,3|L/I,9|D/L",3,0.7,HLA-A*68:01,YYAMYRNNVAQTDVDTLYIMYRDYTWAVWAYTWY,0,0.0
SELFRSGLDS,SEFFRSGVDL,"3|L/F,8|L/V,10|S/L",3,0.7,HLA-A*68:01,YYAMYRNNVAQTDVDTLYIMYRDYTWAVWAYTWY,0,0.0
SELFRSGLDS,SEIFRSGIDY,"3|L/I,8|L/I,10|S/Y",3,0.7,HLA-A*68:01,YYAMYRNNVAQTDVDTLYIMYRDYTWAVWAYTWY,0,0.2354
SELFRSGLDS,ALLFRSGLTS,"1|S/A,2|E/L,9|D/T",3,0.7,HLA-A*68:01,YYAMYRNNVAQTDVDTLYIMYRDYTWAVWAYTWY,0,0.0
SELFRSGLDS,ALLFRSGLDF,"1|S/A,2|E/L,10|S/F",3,0.7,HLA-A*68:01,YYAMYRNNVAQTDVDTLYIMYRDYTWAVWAYTWY,0,0.0
SELFRSGLDS,AEFFRSGLLS,"1|S/A,3|L/F,9|D/L",3,0.7,HLA-A*68:01,YYAMYRNNVAQTDVDTLYIMYRDYTWAVWAYTWY,0,0.0
SELFRSGLDS,SEFFRSGVDY,"3|L/F,8|L/V,10|S/Y",3,0.7,HLA-A*68:01,YYAMYRNNVAQTDVDTLYIMYRDYTWAVWAYTWY,0,0.4802
SELFRSGLDS,AEIFRSGLDF,"1|S/A,3|L/I,10|S/F",3,0.7,HLA-A*68:01,YYAMYRNNVAQTDVDTLYIMYRDYTWAVWAYTWY,0,0.0001
SELFRSGLDS,RLLFRSGLTS,"1|S/R,2|E/L,9|D/T",3,0.7,HLA-A*68:01,YYAMYRNNVAQTDVDTLYIMYRDYTWAVWAYTWY,0,0.0
SELFRSGLDS,SRIFRSGLLS,"2|E/R,3|L/I,9|D/L",3,0.7,HLA-A*68:01,YYAMYRNNVAQTDVDTLYIMYRDYTWAVWAYTWY,0,0.0
SELFRSGLDS,REFFRSGLDY,"1|S/R,3|L/F,10|S/Y",3,0.7,HLA-A*68:01,YYAMYRNNVAQTDVDTLYIMYRDYTWAVWAYTWY,0,0.0021
SELFRSGLDS,REIFRSGLSS,"1|S/R,3|L/I,9|D/S",3,0.7,HLA-A*68:01,YYAMYRNNVAQTDVDTLYIMYRDYTWAVWAYTWY,0,0.0
SELFRSGLDS,RLLFRSGLDL,"1|S/R,2|E/L,10|S/L",3,0.7,HLA-A*68:01,YYAMYRNNVAQTDVDTLYIMYRDYTWAVWAYTWY,0,0.0
SELFRSGLDS,REIFRSGLDL,"1|S/R,3|L/I,10|S/L",3,0.7,HLA-A*68:01,YYAMYRNNVAQTDVDTLYIMYRDYTWAVWAYTWY,0,0.0
SELFRSGLDS,REFFRSGLSS,"1|S/R,3|L/F,9|D/S",3,0.7,HLA-A*68:01,YYAMYRNNVAQTDVDTLYIMYRDYTWAVWAYTWY,0,0.0
SELFRSGLDS,AEIFRSGLLS,"1|S/A,3|L/I,9|D/L",3,0.7,HLA-A*68:01,YYAMYRNNVAQTDVDTLYIMYRDYTWAVWAYTWY,0,0.0
SELFRSGLDS,SRIFRSGLSS,"2|E/R,3|L/I,9|D/S",3,0.7,HLA-A*68:01,YYAMYRNNVAQTDVDTLYIMYRDYTWAVWAYTWY,0,0.0
SELFRSGLDS,RLLFRSGLDY,"1|S/R,2|E/L,10|S/Y",3,0.7,HLA-A*68:01,YYAMYRNNVAQTDVDTLYIMYRDYTWAVWAYTWY,1,0.6682
SELFRSGLDS,RLLFRSGLDF,"1|S/R,2|E/L,10|S/F",3,0.7,HLA-A*68:01,YYAMYRNNVAQTDVDTLYIMYRDYTWAVWAYTWY,0,0.0
SELFRSGLDS,SEFFRSGVDF,"3|L/F,8|L/V,10|S/F",3,0.7,HLA-A*68:01,YYAMYRNNVAQTDVDTLYIMYRDYTWAVWAYTWY,0,0.001
SELFRSGLDS,ALLFRSGLDY,"1|S/A,2|E/L,10|S/Y",3,0.7,HLA-A*68:01,YYAMYRNNVAQTDVDTLYIMYRDYTWAVWAYTWY,0,0.1808
SELFRSGLDS,REIFRSGLDF,"1|S/R,3|L/I,10|S/F",3,0.7,HLA-A*68:01,YYAMYRNNVAQTDVDTLYIMYRDYTWAVWAYTWY,0,0.0
SELFRSGLDS,RRLFRSGLDF,"1|S/R,2|E/R,10|S/F",3,0.7,HLA-A*68:01,YYAMYRNNVAQTDVDTLYIMYRDYTWAVWAYTWY,0,0.0
SELFRSGLDS,REIFRSGLDY,"1|S/R,3|L/I,10|S/Y",3,0.7,HLA-A*68:01,YYAMYRNNVAQTDVDTLYIMYRDYTWAVWAYTWY,0,0.0001
SELFRSGLDS,SRLFRSGVDY,"2|E/R,8|L/V,10|S/Y",3,0.7,HLA-A*68:01,YYAMYRNNVAQTDVDTLYIMYRDYTWAVWAYTWY,0,0.0021
SELFRSGLDS,RRLFRSGLSS,"1|S/R,2|E/R,9|D/S",3,0.7,HLA-A*68:01,YYAMYRNNVAQTDVDTLYIMYRDYTWAVWAYTWY,0,0.0
SELFRSGLDS,ALLFRSGLSS,"1|S/A,2|E/L,9|D/S",3,0.7,HLA-A*68:01,YYAMYRNNVAQTDVDTLYIMYRDYTWAVWAYTWY,0,0.0
SELFRSGLDS,AEFFRSGLDY,"1|S/A,3|L/F,10|S/Y",3,0.7,HLA-A*68:01,YYAMYRNNVAQTDVDTLYIMYRDYTWAVWAYTWY,0,0.0529
SELFRSGLDS,SLLFRSGVDF,"2|E/L,8|L/V,10|S/F",3,0.7,HLA-A*68:01,YYAMYRNNVAQTDVDTLYIMYRDYTWAVWAYTWY,0,0.0001
SELFRSGLDS,ALLFRSGLLS,"1|S/A,2|E/L,9|D/L",3,0.7,HLA-A*68:01,YYAMYRNNVAQTDVDTLYIMYRDYTWAVWAYTWY,0,0.0
SELFRSGLDS,SLFFRSGLDL,"2|E/L,3|L/F,10|S/L",3,0.8,HLA-A*68:01,YYAMYRNNVAQTDVDTLYIMYRDYTWAVWAYTWY,0,0.0025
SELFRSGLDS,SRIFRSGLDF,"2|E/R,3|L/I,10|S/F",3,0.7,HLA-A*68:01,YYAMYRNNVAQTDVDTLYIMYRDYTWAVWAYTWY,0,0.0
SELFRSGLDS,ARLFRSGLDL,"1|S/A,2|E/R,10|S/L",3,0.7,HLA-A*68:01,YYAMYRNNVAQTDVDTLYIMYRDYTWAVWAYTWY,0,0.0
SELFRSGLDS,RRLFRSGLDL,"1|S/R,2|E/R,10|S/L",3,0.7,HLA-A*68:01,YYAMYRNNVAQTDVDTLYIMYRDYTWAVWAYTWY,0,0.0
SELFRSGLDS,ARLFRSGLTS,"1|S/A,2|E/R,9|D/T",3,0.7,HLA-A*68:01,YYAMYRNNVAQTDVDTLYIMYRDYTWAVWAYTWY,0,0.0
SELFRSGLDS,RRLFRSGLTS,"1|S/R,2|E/R,9|D/T",3,0.7,HLA-A*68:01,YYAMYRNNVAQTDVDTLYIMYRDYTWAVWAYTWY,0,0.0
SELFRSGLDS,SRLFRSGIDY,"2|E/R,8|L/I,10|S/Y",3,0.7,HLA-A*68:01,YYAMYRNNVAQTDVDTLYIMYRDYTWAVWAYTWY,0,0.0104
SELFRSGLDS,AEFFRSGLDF,"1|S/A,3|L/F,10|S/F",3,0.7,HLA-A*68:01,YYAMYRNNVAQTDVDTLYIMYRDYTWAVWAYTWY,0,0.0001
SELFRSGLDS,SRIFRSGLDL,"2|E/R,3|L/I,10|S/L",3,0.7,HLA-A*68:01,YYAMYRNNVAQTDVDTLYIMYRDYTWAVWAYTWY,0,0.0
SELFRSGLDS,SLFFRSGLSS,"2|E/L,3|L/F,9|D/S",3,0.8,HLA-A*68:01,YYAMYRNNVAQTDVDTLYIMYRDYTWAVWAYTWY,0,0.0
SELFRSGLDS,ARLFRSGLSS,"1|S/A,2|E/R,9|D/S",3,0.7,HLA-A*68:01,YYAMYRNNVAQTDVDTLYIMYRDYTWAVWAYTWY,0,0.0
SELFRSGLDS,SLFFRSGLTS,"2|E/L,3|L/F,9|D/T",3,0.8,HLA-A*68:01,YYAMYRNNVAQTDVDTLYIMYRDYTWAVWAYTWY,0,0.0
SELFRSGLDS,REIFRSGLTS,"1|S/R,3|L/I,9|D/T",3,0.7,HLA-A*68:01,YYAMYRNNVAQTDVDTLYIMYRDYTWAVWAYTWY,0,0.0
SELFRSGLDS,SRLFRSGIDF,"2|E/R,8|L/I,10|S/F",3,0.7,HLA-A*68:01,YYAMYRNNVAQTDVDTLYIMYRDYTWAVWAYTWY,0,0.0
SELFRSGLDS,SEFFRSGIDF,"3|L/F,8|L/I,10|S/F",3,0.7,HLA-A*68:01,YYAMYRNNVAQTDVDTLYIMYRDYTWAVWAYTWY,0,0.0003
SELFRSGLDS,SRFFRSGLDL,"2|E/R,3|L/F,10|S/L",3,0.7,HLA-A*68:01,YYAMYRNNVAQTDVDTLYIMYRDYTWAVWAYTWY,0,0.0001
SELFRSGLDS,SEIFRSGIDL,"3|L/I,8|L/I,10|S/L",3,0.7,HLA-A*68:01,YYAMYRNNVAQTDVDTLYIMYRDYTWAVWAYTWY,0,0.0001
SELFRSGLDS,ALLFRSGLDL,"1|S/A,2|E/L,10|S/L",3,0.7,HLA-A*68:01,YYAMYRNNVAQTDVDTLYIMYRDYTWAVWAYTWY,0,0.0
SELFRSGLDS,SLIFRSGLDY,"2|E/L,3|L/I,10|S/Y",3,0.8,HLA-A*68:01,YYAMYRNNVAQTDVDTLYIMYRDYTWAVWAYTWY,1,0.994
SELFRSGLDS,REFFRSGLDL,"1|S/R,3|L/F,10|S/L",3,0.7,HLA-A*68:01,YYAMYRNNVAQTDVDTLYIMYRDYTWAVWAYTWY,0,0.0
SELFRSGLDS,SRFFRSGLTS,"2|E/R,3|L/F,9|D/T",3,0.7,HLA-A*68:01,YYAMYRNNVAQTDVDTLYIMYRDYTWAVWAYTWY,0,0.0
SELFRSGLDS,AEFFRSGLSS,"1|S/A,3|L/F,9|D/S",3,0.7,HLA-A*68:01,YYAMYRNNVAQTDVDTLYIMYRDYTWAVWAYTWY,0,0.0
SELFRSGLDS,SLIFRSGLDF,"2|E/L,3|L/I,10|S/F",3,0.8,HLA-A*68:01,YYAMYRNNVAQTDVDTLYIMYRDYTWAVWAYTWY,0,0.0109
SELFRSGLDS,SRIFRSGLDY,"2|E/R,3|L/I,10|S/Y",3,0.7,HLA-A*68:01,YYAMYRNNVAQTDVDTLYIMYRDYTWAVWAYTWY,0,0.0001
SELFRSGLDS,SLFFRSGLDY,"2|E/L,3|L/F,10|S/Y",3,0.8,HLA-A*68:01,YYAMYRNNVAQTDVDTLYIMYRDYTWAVWAYTWY,1,0.9982
SELFRSGLDS,AEIFRSGLDY,"1|S/A,3|L/I,10|S/Y",3,0.7,HLA-A*68:01,YYAMYRNNVAQTDVDTLYIMYRDYTWAVWAYTWY,0,0.0258
SELFRSGLDS,REFFRSGLDF,"1|S/R,3|L/F,10|S/F",3,0.7,HLA-A*68:01,YYAMYRNNVAQTDVDTLYIMYRDYTWAVWAYTWY,0,0.0
SELFRSGLDS,SLLFRSGVDY,"2|E/L,8|L/V,10|S/Y",3,0.7,HLA-A*68:01,YYAMYRNNVAQTDVDTLYIMYRDYTWAVWAYTWY,1,0.8001
SELFRSGLDS,SRFFRSGLSS,"2|E/R,3|L/F,9|D/S",3,0.7,HLA-A*68:01,YYAMYRNNVAQTDVDTLYIMYRDYTWAVWAYTWY,0,0.0
SELFRSGLDS,SRLFRSGVDL,"2|E/R,8|L/V,10|S/L",3,0.7,HLA-A*68:01,YYAMYRNNVAQTDVDTLYIMYRDYTWAVWAYTWY,0,0.0
SELFRSGLDS,AEIFRSGLDL,"1|S/A,3|L/I,10|S/L",3,0.7,HLA-A*68:01,YYAMYRNNVAQTDVDTLYIMYRDYTWAVWAYTWY,0,0.0
SELFRSGLDS,SLLFRSGIDF,"2|E/L,8|L/I,10|S/F",3,0.7,HLA-A*68:01,YYAMYRNNVAQTDVDTLYIMYRDYTWAVWAYTWY,0,0.0005
SELFRSGLDS,SRFFRSGLDY,"2|E/R,3|L/F,10|S/Y",3,0.7,HLA-A*68:01,YYAMYRNNVAQTDVDTLYIMYRDYTWAVWAYTWY,0,0.1657
SELFRSGLDS,SLIFRSGLSS,"2|E/L,3|L/I,9|D/S",3,0.8,HLA-A*68:01,YYAMYRNNVAQTDVDTLYIMYRDYTWAVWAYTWY,0,0.0
SELFRSGLDS,SRLFRSGIDL,"2|E/R,8|L/I,10|S/L",3,0.7,HLA-A*68:01,YYAMYRNNVAQTDVDTLYIMYRDYTWAVWAYTWY,0,0.0
SELFRSGLDS,SLLFRSGIDL,"2|E/L,8|L/I,10|S/L",3,0.7,HLA-A*68:01,YYAMYRNNVAQTDVDTLYIMYRDYTWAVWAYTWY,0,0.0
SELFRSGLDS,REFFRSGLLS,"1|S/R,3|L/F,9|D/L",3,0.7,HLA-A*68:01,YYAMYRNNVAQTDVDTLYIMYRDYTWAVWAYTWY,0,0.0
SELFRSGLDS,SRLFRSGVDF,"2|E/R,8|L/V,10|S/F",3,0.7,HLA-A*68:01,YYAMYRNNVAQTDVDTLYIMYRDYTWAVWAYTWY,0,0.0
SELFRSGLDS,SRIFRSGLTS,"2|E/R,3|L/I,9|D/T",3,0.7,HLA-A*68:01,YYAMYRNNVAQTDVDTLYIMYRDYTWAVWAYTWY,0,0.0
SELFRSGLDS,AEFFRSGLTS,"1|S/A,3|L/F,9|D/T",3,0.7,HLA-A*68:01,YYAMYRNNVAQTDVDTLYIMYRDYTWAVWAYTWY,0,0.0
SELFRSGLDS,SLLFRSGIDY,"2|E/L,8|L/I,10|S/Y",3,0.7,HLA-A*68:01,YYAMYRNNVAQTDVDTLYIMYRDYTWAVWAYTWY,1,0.6606
SELFRSGLDS,SLIFRSGLDL,"2|E/L,3|L/I,10|S/L",3,0.8,HLA-A*68:01,YYAMYRNNVAQTDVDTLYIMYRDYTWAVWAYTWY,0,0.0002
SELFRSGLDS,SEIFRSGVDY,"3|L/I,8|L/V,10|S/Y",3,0.7,HLA-A*68:01,YYAMYRNNVAQTDVDTLYIMYRDYTWAVWAYTWY,1,0.5887
SELFRSGLDS,SEFFRSGIDL,"3|L/F,8|L/I,10|S/L",3,0.7,HLA-A*68:01,YYAMYRNNVAQTDVDTLYIMYRDYTWAVWAYTWY,0,0.0004
SELFRSGLDS,RRLFRSGLDY,"1|S/R,2|E/R,10|S/Y",3,0.7,HLA-A*68:01,YYAMYRNNVAQTDVDTLYIMYRDYTWAVWAYTWY,0,0.0004
SELFRSGLDS,ARLFRSGLDY,"1|S/A,2|E/R,10|S/Y",3,0.7,HLA-A*68:01,YYAMYRNNVAQTDVDTLYIMYRDYTWAVWAYTWY,0,0.0002
SELFRSGLDS,SRFFRSGLDF,"2|E/R,3|L/F,10|S/F",3,0.7,HLA-A*68:01,YYAMYRNNVAQTDVDTLYIMYRDYTWAVWAYTWY,0,0.0
SELFRSGLDS,RLLFRSGLLS,"1|S/R,2|E/L,9|D/L",3,0.7,HLA-A*68:01,YYAMYRNNVAQTDVDTLYIMYRDYTWAVWAYTWY,0,0.0
SELFRSGLDS,RRLFRSGLLS,"1|S/R,2|E/R,9|D/L",3,0.7,HLA-A*68:01,YYAMYRNNVAQTDVDTLYIMYRDYTWAVWAYTWY,0,0.0
SELFRSGLDS,SLFFRSGLDF,"2|E/L,3|L/F,10|S/F",3,0.8,HLA-A*68:01,YYAMYRNNVAQTDVDTLYIMYRDYTWAVWAYTWY,0,0.0349
SELFRSGLDS,ARLFRSGLDF,"1|S/A,2|E/R,10|S/F",3,0.7,HLA-A*68:01,YYAMYRNNVAQTDVDTLYIMYRDYTWAVWAYTWY,0,0.0
SELFRSGLDS,AEIFRSGLTS,"1|S/A,3|L/I,9|D/T",3,0.7,HLA-A*68:01,YYAMYRNNVAQTDVDTLYIMYRDYTWAVWAYTWY,0,0.0
SELFRSGLDS,SRFFRSGLLS,"2|E/R,3|L/F,9|D/L",3,0.7,HLA-A*68:01,YYAMYRNNVAQTDVDTLYIMYRDYTWAVWAYTWY,0,0.0
SELFRSGLDS,REFFRSGLTS,"1|S/R,3|L/F,9|D/T",3,0.7,HLA-A*68:01,YYAMYRNNVAQTDVDTLYIMYRDYTWAVWAYTWY,0,0.0
SELFRSGLDS,SLIFRSGLLS,"2|E/L,3|L/I,9|D/L",3,0.8,HLA-A*68:01,YYAMYRNNVAQTDVDTLYIMYRDYTWAVWAYTWY,0,0.0
SELFRSGLDS,AEIFRSGLSS,"1|S/A,3|L/I,9|D/S",3,0.7,HLA-A*68:01,YYAMYRNNVAQTDVDTLYIMYRDYTWAVWAYTWY,0,0.0
SELFRSGLDS,AEFFRSGLDL,"1|S/A,3|L/F,10|S/L",3,0.7,HLA-A*68:01,YYAMYRNNVAQTDVDTLYIMYRDYTWAVWAYTWY,0,0.0
SELFRSGLDS,RLIFRSGLDF,"1|S/R,2|E/L,3|L/I,10|S/F",4,0.7,HLA-A*68:01,YYAMYRNNVAQTDVDTLYIMYRDYTWAVWAYTWY,0,0.0001
SELFRSGLDS,SRIFRSGVDL,"2|E/R,3|L/I,8|L/V,10|S/L",4,0.6,HLA-A*68:01,YYAMYRNNVAQTDVDTLYIMYRDYTWAVWAYTWY,0,0.0
SELFRSGLDS,SRIFRSGVDF,"2|E/R,3|L/I,8|L/V,10|S/F",4,0.6,HLA-A*68:01,YYAMYRNNVAQTDVDTLYIMYRDYTWAVWAYTWY,0,0.0
SELFRSGLDS,ALFFRSGLSS,"1|S/A,2|E/L,3|L/F,9|D/S",4,0.7,HLA-A*68:01,YYAMYRNNVAQTDVDTLYIMYRDYTWAVWAYTWY,0,0.0
SELFRSGLDS,ARIFRSGLDF,"1|S/A,2|E/R,3|L/I,10|S/F",4,0.6,HLA-A*68:01,YYAMYRNNVAQTDVDTLYIMYRDYTWAVWAYTWY,0,0.0
SELFRSGLDS,SRIFRSGIDL,"2|E/R,3|L/I,8|L/I,10|S/L",4,0.6,HLA-A*68:01,YYAMYRNNVAQTDVDTLYIMYRDYTWAVWAYTWY,0,0.0
SELFRSGLDS,SRFFRSGVDL,"2|E/R,3|L/F,8|L/V,10|S/L",4,0.6,HLA-A*68:01,YYAMYRNNVAQTDVDTLYIMYRDYTWAVWAYTWY,0,0.0
SELFRSGLDS,ALIFRSGLTS,"1|S/A,2|E/L,3|L/I,9|D/T",4,0.7,HLA-A*68:01,YYAMYRNNVAQTDVDTLYIMYRDYTWAVWAYTWY,0,0.0
SELFRSGLDS,SLIFRSGVDL,"2|E/L,3|L/I,8|L/V,10|S/L",4,0.7,HLA-A*68:01,YYAMYRNNVAQTDVDTLYIMYRDYTWAVWAYTWY,0,0.0001
SELFRSGLDS,RLFFRSGLTS,"1|S/R,2|E/L,3|L/F,9|D/T",4,0.7,HLA-A*68:01,YYAMYRNNVAQTDVDTLYIMYRDYTWAVWAYTWY,0,0.0
SELFRSGLDS,SLIFRSGIDY,"2|E/L,3|L/I,8|L/I,10|S/Y",4,0.7,HLA-A*68:01,YYAMYRNNVAQTDVDTLYIMYRDYTWAVWAYTWY,1,0.9954
SELFRSGLDS,RRIFRSGLLS,"1|S/R,2|E/R,3|L/I,9|D/L",4,0.6,HLA-A*68:01,YYAMYRNNVAQTDVDTLYIMYRDYTWAVWAYTWY,0,0.0
SELFRSGLDS,SLIFRSGVDY,"2|E/L,3|L/I,8|L/V,10|S/Y",4,0.7,HLA-A*68:01,YYAMYRNNVAQTDVDTLYIMYRDYTWAVWAYTWY,1,0.9933
SELFRSGLDS,SRIFRSGIDY,"2|E/R,3|L/I,8|L/I,10|S/Y",4,0.6,HLA-A*68:01,YYAMYRNNVAQTDVDTLYIMYRDYTWAVWAYTWY,0,0.001
SELFRSGLDS,RRFFRSGLDL,"1|S/R,2|E/R,3|L/F,10|S/L",4,0.6,HLA-A*68:01,YYAMYRNNVAQTDVDTLYIMYRDYTWAVWAYTWY,0,0.0
SELFRSGLDS,SLFFRSGIDF,"2|E/L,3|L/F,8|L/I,10|S/F",4,0.7,HLA-A*68:01,YYAMYRNNVAQTDVDTLYIMYRDYTWAVWAYTWY,0,0.0186
SELFRSGLDS,ARIFRSGLLS,"1|S/A,2|E/R,3|L/I,9|D/L",4,0.6,HLA-A*68:01,YYAMYRNNVAQTDVDTLYIMYRDYTWAVWAYTWY,0,0.0
SELFRSGLDS,SRFFRSGVDY,"2|E/R,3|L/F,8|L/V,10|S/Y",4,0.6,HLA-A*68:01,YYAMYRNNVAQTDVDTLYIMYRDYTWAVWAYTWY,0,0.1363
SELFRSGLDS,ARFFRSGLDL,"1|S/A,2|E/R,3|L/F,10|S/L",4,0.6,HLA-A*68:01,YYAMYRNNVAQTDVDTLYIMYRDYTWAVWAYTWY,0,0.0
SELFRSGLDS,ARIFRSGLTS,"1|S/A,2|E/R,3|L/I,9|D/T",4,0.6,HLA-A*68:01,YYAMYRNNVAQTDVDTLYIMYRDYTWAVWAYTWY,0,0.0
SELFRSGLDS,ARFFRSGLSS,"1|S/A,2|E/R,3|L/F,9|D/S",4,0.6,HLA-A*68:01,YYAMYRNNVAQTDVDTLYIMYRDYTWAVWAYTWY,0,0.0
SELFRSGLDS,SLFFRSGVDL,"2|E/L,3|L/F,8|L/V,10|S/L",4,0.7,HLA-A*68:01,YYAMYRNNVAQTDVDTLYIMYRDYTWAVWAYTWY,0,0.0002
SELFRSGLDS,SRIFRSGIDF,"2|E/R,3|L/I,8|L/I,10|S/F",4,0.6,HLA-A*68:01,YYAMYRNNVAQTDVDTLYIMYRDYTWAVWAYTWY,0,0.0
SELFRSGLDS,ALIFRSGLDL,"1|S/A,2|E/L,3|L/I,10|S/L",4,0.7,HLA-A*68:01,YYAMYRNNVAQTDVDTLYIMYRDYTWAVWAYTWY,0,0.0
SELFRSGLDS,ARFFRSGLTS,"1|S/A,2|E/R,3|L/F,9|D/T",4,0.6,HLA-A*68:01,YYAMYRNNVAQTDVDTLYIMYRDYTWAVWAYTWY,0,0.0
SELFRSGLDS,RLIFRSGLLS,"1|S/R,2|E/L,3|L/I,9|D/L",4,0.7,HLA-A*68:01,YYAMYRNNVAQTDVDTLYIMYRDYTWAVWAYTWY,0,0.0
SELFRSGLDS,RLIFRSGLSS,"1|S/R,2|E/L,3|L/I,9|D/S",4,0.7,HLA-A*68:01,YYAMYRNNVAQTDVDTLYIMYRDYTWAVWAYTWY,0,0.0
SELFRSGLDS,SLIFRSGIDF,"2|E/L,3|L/I,8|L/I,10|S/F",4,0.7,HLA-A*68:01,YYAMYRNNVAQTDVDTLYIMYRDYTWAVWAYTWY,0,0.0064
SELFRSGLDS,RRIFRSGLDL,"1|S/R,2|E/R,3|L/I,10|S/L",4,0.6,HLA-A*68:01,YYAMYRNNVAQTDVDTLYIMYRDYTWAVWAYTWY,0,0.0
SELFRSGLDS,RLFFRSGLLS,"1|S/R,2|E/L,3|L/F,9|D/L",4,0.7,HLA-A*68:01,YYAMYRNNVAQTDVDTLYIMYRDYTWAVWAYTWY,0,0.0
SELFRSGLDS,RLFFRSGLDF,"1|S/R,2|E/L,3|L/F,10|S/F",4,0.7,HLA-A*68:01,YYAMYRNNVAQTDVDTLYIMYRDYTWAVWAYTWY,0,0.0007
SELFRSGLDS,RRFFRSGLTS,"1|S/R,2|E/R,3|L/F,9|D/T",4,0.6,HLA-A*68:01,YYAMYRNNVAQTDVDTLYIMYRDYTWAVWAYTWY,0,0.0
SELFRSGLDS,RRFFRSGLSS,"1|S/R,2|E/R,3|L/F,9|D/S",4,0.6,HLA-A*68:01,YYAMYRNNVAQTDVDTLYIMYRDYTWAVWAYTWY,0,0.0
SELFRSGLDS,RRIFRSGLDY,"1|S/R,2|E/R,3|L/I,10|S/Y",4,0.6,HLA-A*68:01,YYAMYRNNVAQTDVDTLYIMYRDYTWAVWAYTWY,0,0.0001
SELFRSGLDS,SRFFRSGIDF,"2|E/R,3|L/F,8|L/I,10|S/F",4,0.6,HLA-A*68:01,YYAMYRNNVAQTDVDTLYIMYRDYTWAVWAYTWY,0,0.0001
SELFRSGLDS,ARIFRSGLDL,"1|S/A,2|E/R,3|L/I,10|S/L",4,0.6,HLA-A*68:01,YYAMYRNNVAQTDVDTLYIMYRDYTWAVWAYTWY,0,0.0
SELFRSGLDS,RRFFRSGLDY,"1|S/R,2|E/R,3|L/F,10|S/Y",4,0.6,HLA-A*68:01,YYAMYRNNVAQTDVDTLYIMYRDYTWAVWAYTWY,0,0.032
SELFRSGLDS,ARIFRSGLDY,"1|S/A,2|E/R,3|L/I,10|S/Y",4,0.6,HLA-A*68:01,YYAMYRNNVAQTDVDTLYIMYRDYTWAVWAYTWY,0,0.0002
SELFRSGLDS,ALFFRSGLDY,"1|S/A,2|E/L,3|L/F,10|S/Y",4,0.7,HLA-A*68:01,YYAMYRNNVAQTDVDTLYIMYRDYTWAVWAYTWY,1,0.9936
SELFRSGLDS,RLFFRSGLSS,"1|S/R,2|E/L,3|L/F,9|D/S",4,0.7,HLA-A*68:01,YYAMYRNNVAQTDVDTLYIMYRDYTWAVWAYTWY,0,0.0
SELFRSGLDS,ARFFRSGLLS,"1|S/A,2|E/R,3|L/F,9|D/L",4,0.6,HLA-A*68:01,YYAMYRNNVAQTDVDTLYIMYRDYTWAVWAYTWY,0,0.0
SELFRSGLDS,ALFFRSGLTS,"1|S/A,2|E/L,3|L/F,9|D/T",4,0.7,HLA-A*68:01,YYAMYRNNVAQTDVDTLYIMYRDYTWAVWAYTWY,0,0.0
SELFRSGLDS,RLIFRSGLTS,"1|S/R,2|E/L,3|L/I,9|D/T",4,0.7,HLA-A*68:01,YYAMYRNNVAQTDVDTLYIMYRDYTWAVWAYTWY,0,0.0
SELFRSGLDS,ARFFRSGLDY,"1|S/A,2|E/R,3|L/F,10|S/Y",4,0.6,HLA-A*68:01,YYAMYRNNVAQTDVDTLYIMYRDYTWAVWAYTWY,0,0.0173
SELFRSGLDS,RLFFRSGLDL,"1|S/R,2|E/L,3|L/F,10|S/L",4,0.7,HLA-A*68:01,YYAMYRNNVAQTDVDTLYIMYRDYTWAVWAYTWY,0,0.0
SELFRSGLDS,RRFFRSGLLS,"1|S/R,2|E/R,3|L/F,9|D/L",4,0.6,HLA-A*68:01,YYAMYRNNVAQTDVDTLYIMYRDYTWAVWAYTWY,0,0.0
SELFRSGLDS,SLFFRSGIDY,"2|E/L,3|L/F,8|L/I,10|S/Y",4,0.7,HLA-A*68:01,YYAMYRNNVAQTDVDTLYIMYRDYTWAVWAYTWY,1,0.9992
SELFRSGLDS,SRFFRSGIDL,"2|E/R,3|L/F,8|L/I,10|S/L",4,0.6,HLA-A*68:01,YYAMYRNNVAQTDVDTLYIMYRDYTWAVWAYTWY,0,0.0001
SELFRSGLDS,RLIFRSGLDY,"1|S/R,2|E/L,3|L/I,10|S/Y",4,0.7,HLA-A*68:01,YYAMYRNNVAQTDVDTLYIMYRDYTWAVWAYTWY,1,0.9616
SELFRSGLDS,SLIFRSGIDL,"2|E/L,3|L/I,8|L/I,10|S/L",4,0.7,HLA-A*68:01,YYAMYRNNVAQTDVDTLYIMYRDYTWAVWAYTWY,0,0.0004
SELFRSGLDS,RRFFRSGLDF,"1|S/R,2|E/R,3|L/F,10|S/F",4,0.6,HLA-A*68:01,YYAMYRNNVAQTDVDTLYIMYRDYTWAVWAYTWY,0,0.0
SELFRSGLDS,RRIFRSGLTS,"1|S/R,2|E/R,3|L/I,9|D/T",4,0.6,HLA-A*68:01,YYAMYRNNVAQTDVDTLYIMYRDYTWAVWAYTWY,0,0.0
SELFRSGLDS,RRIFRSGLDF,"1|S/R,2|E/R,3|L/I,10|S/F",4,0.6,HLA-A*68:01,YYAMYRNNVAQTDVDTLYIMYRDYTWAVWAYTWY,0,0.0
SELFRSGLDS,SRFFRSGVDF,"2|E/R,3|L/F,8|L/V,10|S/F",4,0.6,HLA-A*68:01,YYAMYRNNVAQTDVDTLYIMYRDYTWAVWAYTWY,0,0.0
SELFRSGLDS,ALFFRSGLLS,"1|S/A,2|E/L,3|L/F,9|D/L",4,0.7,HLA-A*68:01,YYAMYRNNVAQTDVDTLYIMYRDYTWAVWAYTWY,0,0.0
SELFRSGLDS,ALIFRSGLDF,"1|S/A,2|E/L,3|L/I,10|S/F",4,0.7,HLA-A*68:01,YYAMYRNNVAQTDVDTLYIMYRDYTWAVWAYTWY,0,0.0
SELFRSGLDS,SLFFRSGVDY,"2|E/L,3|L/F,8|L/V,10|S/Y",4,0.7,HLA-A*68:01,YYAMYRNNVAQTDVDTLYIMYRDYTWAVWAYTWY,1,0.9989
SELFRSGLDS,ALIFRSGLDY,"1|S/A,2|E/L,3|L/I,10|S/Y",4,0.7,HLA-A*68:01,YYAMYRNNVAQTDVDTLYIMYRDYTWAVWAYTWY,1,0.97
SELFRSGLDS,RRIFRSGLSS,"1|S/R,2|E/R,3|L/I,9|D/S",4,0.6,HLA-A*68:01,YYAMYRNNVAQTDVDTLYIMYRDYTWAVWAYTWY,0,0.0
SELFRSGLDS,ALFFRSGLDL,"1|S/A,2|E/L,3|L/F,10|S/L",4,0.7,HLA-A*68:01,YYAMYRNNVAQTDVDTLYIMYRDYTWAVWAYTWY,0,0.0
SELFRSGLDS,ALFFRSGLDF,"1|S/A,2|E/L,3|L/F,10|S/F",4,0.7,HLA-A*68:01,YYAMYRNNVAQTDVDTLYIMYRDYTWAVWAYTWY,0,0.0002
SELFRSGLDS,SLFFRSGIDL,"2|E/L,3|L/F,8|L/I,10|S/L",4,0.7,HLA-A*68:01,YYAMYRNNVAQTDVDTLYIMYRDYTWAVWAYTWY,0,0.0073
SELFRSGLDS,ARIFRSGLSS,"1|S/A,2|E/R,3|L/I,9|D/S",4,0.6,HLA-A*68:01,YYAMYRNNVAQTDVDTLYIMYRDYTWAVWAYTWY,0,0.0
SELFRSGLDS,RLFFRSGLDY,"1|S/R,2|E/L,3|L/F,10|S/Y",4,0.7,HLA-A*68:01,YYAMYRNNVAQTDVDTLYIMYRDYTWAVWAYTWY,1,0.9867
SELFRSGLDS,RLIFRSGLDL,"1|S/R,2|E/L,3|L/I,10|S/L",4,0.7,HLA-A*68:01,YYAMYRNNVAQTDVDTLYIMYRDYTWAVWAYTWY,0,0.0
SELFRSGLDS,SRFFRSGIDY,"2|E/R,3|L/F,8|L/I,10|S/Y",4,0.6,HLA-A*68:01,YYAMYRNNVAQTDVDTLYIMYRDYTWAVWAYTWY,0,0.2873
SELFRSGLDS,ALIFRSGLSS,"1|S/A,2|E/L,3|L/I,9|D/S",4,0.7,HLA-A*68:01,YYAMYRNNVAQTDVDTLYIMYRDYTWAVWAYTWY,0,0.0
SELFRSGLDS,SRIFRSGVDY,"2|E/R,3|L/I,8|L/V,10|S/Y",4,0.6,HLA-A*68:01,YYAMYRNNVAQTDVDTLYIMYRDYTWAVWAYTWY,0,0.0003
SELFRSGLDS,ALIFRSGLLS,"1|S/A,2|E/L,3|L/I,9|D/L",4,0.7,HLA-A*68:01,YYAMYRNNVAQTDVDTLYIMYRDYTWAVWAYTWY,0,0.0
SELFRSGLDS,SLFFRSGVDF,"2|E/L,3|L/F,8|L/V,10|S/F",4,0.7,HLA-A*68:01,YYAMYRNNVAQTDVDTLYIMYRDYTWAVWAYTWY,0,0.0019
SELFRSGLDS,ARFFRSGLDF,"1|S/A,2|E/R,3|L/F,10|S/F",4,0.6,HLA-A*68:01,YYAMYRNNVAQTDVDTLYIMYRDYTWAVWAYTWY,0,0.0
SELFRSGLDS,SLIFRSGVDF,"2|E/L,3|L/I,8|L/V,10|S/F",4,0.7,HLA-A*68:01,YYAMYRNNVAQTDVDTLYIMYRDYTWAVWAYTWY,0,0.0047
